<?xml version="1.0"?>
<link_info>
   <banner>TI ARM Linker PC v5.0.4</banner>
   <copyright>Copyright (c) 1996-2013 Texas Instruments Incorporated</copyright>
   <link_time>0x57ca43d8</link_time>
   <output_file>UART.out</output_file>
   <entry_point>
      <name>_c_int00</name>
      <address>0x391</address>
   </entry_point>
   <input_file_list>
      <input_file id="fl-2">
         <path>.\</path>
         <kind>object</kind>
         <file>main.obj</file>
         <name>main.obj</name>
      </input_file>
      <input_file id="fl-12f">
         <path>C:\ti\ccsv5\tools\compiler\arm_5.0.4\lib\</path>
         <kind>archive</kind>
         <file>rtsv7M4_T_le_v4SPD16_eabi.lib</file>
         <name>boot.obj</name>
      </input_file>
      <input_file id="fl-130">
         <path>C:\ti\ccsv5\tools\compiler\arm_5.0.4\lib\</path>
         <kind>archive</kind>
         <file>rtsv7M4_T_le_v4SPD16_eabi.lib</file>
         <name>copy_decompress_none.obj</name>
      </input_file>
      <input_file id="fl-131">
         <path>C:\ti\ccsv5\tools\compiler\arm_5.0.4\lib\</path>
         <kind>archive</kind>
         <file>rtsv7M4_T_le_v4SPD16_eabi.lib</file>
         <name>copy_decompress_rle.obj</name>
      </input_file>
      <input_file id="fl-132">
         <path>C:\ti\ccsv5\tools\compiler\arm_5.0.4\lib\</path>
         <kind>archive</kind>
         <file>rtsv7M4_T_le_v4SPD16_eabi.lib</file>
         <name>copy_zero_init.obj</name>
      </input_file>
      <input_file id="fl-133">
         <path>C:\ti\ccsv5\tools\compiler\arm_5.0.4\lib\</path>
         <kind>archive</kind>
         <file>rtsv7M4_T_le_v4SPD16_eabi.lib</file>
         <name>exit.obj</name>
      </input_file>
      <input_file id="fl-134">
         <path>C:\ti\ccsv5\tools\compiler\arm_5.0.4\lib\</path>
         <kind>archive</kind>
         <file>rtsv7M4_T_le_v4SPD16_eabi.lib</file>
         <name>memcpy_t2.obj</name>
      </input_file>
      <input_file id="fl-135">
         <path>C:\ti\ccsv5\tools\compiler\arm_5.0.4\lib\</path>
         <kind>archive</kind>
         <file>rtsv7M4_T_le_v4SPD16_eabi.lib</file>
         <name>stkdepth_vars.obj</name>
      </input_file>
      <input_file id="fl-136">
         <path>C:\ti\ccsv5\tools\compiler\arm_5.0.4\lib\</path>
         <kind>archive</kind>
         <file>rtsv7M4_T_le_v4SPD16_eabi.lib</file>
         <name>_lock.obj</name>
      </input_file>
      <input_file id="fl-137">
         <path>C:\ti\ccsv5\tools\compiler\arm_5.0.4\lib\</path>
         <kind>archive</kind>
         <file>rtsv7M4_T_le_v4SPD16_eabi.lib</file>
         <name>args_main.obj</name>
      </input_file>
      <input_file id="fl-138">
         <path>C:\ti\ccsv5\tools\compiler\arm_5.0.4\lib\</path>
         <kind>archive</kind>
         <file>rtsv7M4_T_le_v4SPD16_eabi.lib</file>
         <name>auto_init.obj</name>
      </input_file>
      <input_file id="fl-139">
         <path>C:\ti\ccsv5\tools\compiler\arm_5.0.4\lib\</path>
         <kind>archive</kind>
         <file>rtsv7M4_T_le_v4SPD16_eabi.lib</file>
         <name>cpy_tbl.obj</name>
      </input_file>
   </input_file_list>
   <object_component_list>
      <object_component id="oc-4e">
         <name>.text</name>
         <load_address>0x0</load_address>
         <run_address>0x0</run_address>
         <size>0x200</size>
         <input_file_ref idref="fl-2"/>
      </object_component>
      <object_component id="oc-2e">
         <name>.text</name>
         <load_address>0x200</load_address>
         <run_address>0x200</run_address>
         <size>0x9c</size>
         <input_file_ref idref="fl-134"/>
      </object_component>
      <object_component id="oc-1f">
         <name>.text</name>
         <load_address>0x29c</load_address>
         <run_address>0x29c</run_address>
         <size>0x94</size>
         <input_file_ref idref="fl-138"/>
      </object_component>
      <object_component id="oc-3e">
         <name>.text</name>
         <load_address>0x330</load_address>
         <run_address>0x330</run_address>
         <size>0x5e</size>
         <input_file_ref idref="fl-131"/>
      </object_component>
      <object_component id="oc-e">
         <name>.text</name>
         <load_address>0x390</load_address>
         <run_address>0x390</run_address>
         <size>0x48</size>
         <input_file_ref idref="fl-12f"/>
      </object_component>
      <object_component id="oc-49">
         <name>.text</name>
         <load_address>0x3d8</load_address>
         <run_address>0x3d8</run_address>
         <size>0x44</size>
         <input_file_ref idref="fl-139"/>
      </object_component>
      <object_component id="oc-27">
         <name>.text</name>
         <load_address>0x41c</load_address>
         <run_address>0x41c</run_address>
         <size>0x40</size>
         <input_file_ref idref="fl-133"/>
      </object_component>
      <object_component id="oc-23">
         <name>.text</name>
         <load_address>0x45c</load_address>
         <run_address>0x45c</run_address>
         <size>0x18</size>
         <input_file_ref idref="fl-137"/>
      </object_component>
      <object_component id="oc-8a">
         <name>.text</name>
         <load_address>0x474</load_address>
         <run_address>0x474</run_address>
         <size>0x14</size>
         <input_file_ref idref="fl-136"/>
      </object_component>
      <object_component id="oc-16">
         <name>.text:decompress:ZI</name>
         <load_address>0x488</load_address>
         <run_address>0x488</run_address>
         <size>0x12</size>
         <input_file_ref idref="fl-132"/>
      </object_component>
      <object_component id="oc-12">
         <name>.text:decompress:none</name>
         <load_address>0x49a</load_address>
         <run_address>0x49a</run_address>
         <size>0xe</size>
         <input_file_ref idref="fl-130"/>
      </object_component>
      <object_component id="oc-1a">
         <name>.text:decompress:rle24</name>
         <load_address>0x4a8</load_address>
         <run_address>0x4a8</run_address>
         <size>0x6</size>
         <input_file_ref idref="fl-131"/>
      </object_component>
      <object_component id="oc-c4">
         <name>.cinit..data.load</name>
         <load_address>0x4b0</load_address>
         <run_address>0x4b0</run_address>
         <size>0xf</size>
      </object_component>
      <object_component id="oc-c2">
         <name>__TI_handler_table</name>
         <load_address>0x4c0</load_address>
         <run_address>0x4c0</run_address>
         <size>0xc</size>
      </object_component>
      <object_component id="oc-c5">
         <name>.cinit..bss.load</name>
         <load_address>0x4d0</load_address>
         <run_address>0x4d0</run_address>
         <size>0x8</size>
      </object_component>
      <object_component id="oc-c3">
         <name>__TI_cinit_table</name>
         <load_address>0x4d8</load_address>
         <run_address>0x4d8</run_address>
         <size>0x10</size>
      </object_component>
      <object_component id="oc-2b">
         <name>.data</name>
         <load_address>0x20000210</load_address>
         <run_address>0x20000210</run_address>
         <size>0x4</size>
         <input_file_ref idref="fl-135"/>
      </object_component>
      <object_component id="oc-59">
         <name>.data</name>
         <load_address>0x20000200</load_address>
         <run_address>0x20000200</run_address>
         <size>0x8</size>
         <input_file_ref idref="fl-136"/>
      </object_component>
      <object_component id="oc-5b">
         <name>.data</name>
         <load_address>0x20000208</load_address>
         <run_address>0x20000208</run_address>
         <size>0x8</size>
         <input_file_ref idref="fl-133"/>
      </object_component>
      <object_component id="oc-81">
         <name>.bss</name>
         <uninitialized>true</uninitialized>
         <run_address>0x20000214</run_address>
         <size>0x4</size>
         <input_file_ref idref="fl-2"/>
      </object_component>
      <object_component id="oc-1e">
         <name>.stack</name>
         <uninitialized>true</uninitialized>
         <run_address>0x20000000</run_address>
         <size>0x0</size>
         <input_file_ref idref="fl-12f"/>
      </object_component>
      <object_component id="oc-c6">
         <name>.stack</name>
         <uninitialized>true</uninitialized>
         <run_address>0x20000000</run_address>
         <size>0x0</size>
      </object_component>
      <object_component id="oc-f">
         <name>.debug_info</name>
         <load_address>0x0</load_address>
         <run_address>0x0</run_address>
         <size>0xf4</size>
         <input_file_ref idref="fl-12f"/>
      </object_component>
      <object_component id="oc-13">
         <name>.debug_info</name>
         <load_address>0xf4</load_address>
         <run_address>0xf4</run_address>
         <size>0x159</size>
         <input_file_ref idref="fl-130"/>
      </object_component>
      <object_component id="oc-17">
         <name>.debug_info</name>
         <load_address>0x24d</load_address>
         <run_address>0x24d</run_address>
         <size>0x193</size>
         <input_file_ref idref="fl-132"/>
      </object_component>
      <object_component id="oc-1b">
         <name>.debug_info</name>
         <load_address>0x3e0</load_address>
         <run_address>0x3e0</run_address>
         <size>0x16a</size>
         <input_file_ref idref="fl-131"/>
      </object_component>
      <object_component id="oc-20">
         <name>.debug_info</name>
         <load_address>0x54a</load_address>
         <run_address>0x54a</run_address>
         <size>0x13f</size>
         <input_file_ref idref="fl-138"/>
      </object_component>
      <object_component id="oc-24">
         <name>.debug_info</name>
         <load_address>0x689</load_address>
         <run_address>0x689</run_address>
         <size>0xfe</size>
         <input_file_ref idref="fl-137"/>
      </object_component>
      <object_component id="oc-28">
         <name>.debug_info</name>
         <load_address>0x787</load_address>
         <run_address>0x787</run_address>
         <size>0x205</size>
         <input_file_ref idref="fl-133"/>
      </object_component>
      <object_component id="oc-2c">
         <name>.debug_info</name>
         <load_address>0x98c</load_address>
         <run_address>0x98c</run_address>
         <size>0xbe</size>
         <input_file_ref idref="fl-135"/>
      </object_component>
      <object_component id="oc-2f">
         <name>.debug_info</name>
         <load_address>0xa4a</load_address>
         <run_address>0xa4a</run_address>
         <size>0xcd</size>
         <input_file_ref idref="fl-134"/>
      </object_component>
      <object_component id="oc-33">
         <name>.debug_info</name>
         <load_address>0xb17</load_address>
         <run_address>0xb17</run_address>
         <size>0x46</size>
         <input_file_ref idref="fl-130"/>
      </object_component>
      <object_component id="oc-39">
         <name>.debug_info</name>
         <load_address>0xb5d</load_address>
         <run_address>0xb5d</run_address>
         <size>0x46</size>
         <input_file_ref idref="fl-132"/>
      </object_component>
      <object_component id="oc-3f">
         <name>.debug_info</name>
         <load_address>0xba3</load_address>
         <run_address>0xba3</run_address>
         <size>0x318</size>
         <input_file_ref idref="fl-131"/>
      </object_component>
      <object_component id="oc-43">
         <name>.debug_info</name>
         <load_address>0xebb</load_address>
         <run_address>0xebb</run_address>
         <size>0xb2</size>
         <input_file_ref idref="fl-131"/>
      </object_component>
      <object_component id="oc-44">
         <name>.debug_info</name>
         <load_address>0xf6d</load_address>
         <run_address>0xf6d</run_address>
         <size>0x39</size>
         <input_file_ref idref="fl-131"/>
      </object_component>
      <object_component id="oc-4a">
         <name>.debug_info</name>
         <load_address>0xfa6</load_address>
         <run_address>0xfa6</run_address>
         <size>0x191</size>
         <input_file_ref idref="fl-139"/>
      </object_component>
      <object_component id="oc-4f">
         <name>.debug_info</name>
         <load_address>0x1137</load_address>
         <run_address>0x1137</run_address>
         <size>0x5ac</size>
         <input_file_ref idref="fl-2"/>
      </object_component>
      <object_component id="oc-54">
         <name>.debug_info</name>
         <load_address>0x16e3</load_address>
         <run_address>0x16e3</run_address>
         <size>0x90</size>
         <input_file_ref idref="fl-137"/>
      </object_component>
      <object_component id="oc-5a">
         <name>.debug_info</name>
         <load_address>0x1773</load_address>
         <run_address>0x1773</run_address>
         <size>0xc8</size>
         <input_file_ref idref="fl-136"/>
      </object_component>
      <object_component id="oc-5c">
         <name>.debug_info</name>
         <load_address>0x183b</load_address>
         <run_address>0x183b</run_address>
         <size>0xdb</size>
         <input_file_ref idref="fl-133"/>
      </object_component>
      <object_component id="oc-5e">
         <name>.debug_info</name>
         <load_address>0x1916</load_address>
         <run_address>0x1916</run_address>
         <size>0x89</size>
         <input_file_ref idref="fl-130"/>
      </object_component>
      <object_component id="oc-65">
         <name>.debug_info</name>
         <load_address>0x199f</load_address>
         <run_address>0x199f</run_address>
         <size>0x83</size>
         <input_file_ref idref="fl-135"/>
      </object_component>
      <object_component id="oc-6b">
         <name>.debug_info</name>
         <load_address>0x1a22</load_address>
         <run_address>0x1a22</run_address>
         <size>0x46</size>
         <input_file_ref idref="fl-130"/>
      </object_component>
      <object_component id="oc-70">
         <name>.debug_info</name>
         <load_address>0x1a68</load_address>
         <run_address>0x1a68</run_address>
         <size>0xe8</size>
         <input_file_ref idref="fl-130"/>
      </object_component>
      <object_component id="oc-71">
         <name>.debug_info</name>
         <load_address>0x1b50</load_address>
         <run_address>0x1b50</run_address>
         <size>0x2c</size>
         <input_file_ref idref="fl-131"/>
      </object_component>
      <object_component id="oc-76">
         <name>.debug_info</name>
         <load_address>0x1b7c</load_address>
         <run_address>0x1b7c</run_address>
         <size>0xa8</size>
         <input_file_ref idref="fl-132"/>
      </object_component>
      <object_component id="oc-78">
         <name>.debug_info</name>
         <load_address>0x1c24</load_address>
         <run_address>0x1c24</run_address>
         <size>0x84</size>
         <input_file_ref idref="fl-131"/>
      </object_component>
      <object_component id="oc-80">
         <name>.debug_info</name>
         <load_address>0x1ca8</load_address>
         <run_address>0x1ca8</run_address>
         <size>0x143</size>
         <input_file_ref idref="fl-139"/>
      </object_component>
      <object_component id="oc-82">
         <name>.debug_info</name>
         <load_address>0x1deb</load_address>
         <run_address>0x1deb</run_address>
         <size>0xc6</size>
         <input_file_ref idref="fl-2"/>
      </object_component>
      <object_component id="oc-84">
         <name>.debug_info</name>
         <load_address>0x1eb1</load_address>
         <run_address>0x1eb1</run_address>
         <size>0x8b</size>
         <input_file_ref idref="fl-2"/>
      </object_component>
      <object_component id="oc-89">
         <name>.debug_info</name>
         <load_address>0x1f3c</load_address>
         <run_address>0x1f3c</run_address>
         <size>0xb6</size>
         <input_file_ref idref="fl-2"/>
      </object_component>
      <object_component id="oc-8b">
         <name>.debug_info</name>
         <load_address>0x1ff2</load_address>
         <run_address>0x1ff2</run_address>
         <size>0x1ba</size>
         <input_file_ref idref="fl-136"/>
      </object_component>
      <object_component id="oc-90">
         <name>.debug_info</name>
         <load_address>0x21ac</load_address>
         <run_address>0x21ac</run_address>
         <size>0xd4</size>
         <input_file_ref idref="fl-136"/>
      </object_component>
      <object_component id="oc-93">
         <name>.debug_info</name>
         <load_address>0x2280</load_address>
         <run_address>0x2280</run_address>
         <size>0x131</size>
         <input_file_ref idref="fl-133"/>
      </object_component>
      <object_component id="oc-9a">
         <name>.debug_info</name>
         <load_address>0x23b1</load_address>
         <run_address>0x23b1</run_address>
         <size>0xcd</size>
         <input_file_ref idref="fl-139"/>
      </object_component>
      <object_component id="oc-c7">
         <name>.debug_info</name>
         <load_address>0x247e</load_address>
         <run_address>0x247e</run_address>
         <size>0xa2</size>
      </object_component>
      <object_component id="oc-10">
         <name>.debug_line</name>
         <load_address>0x0</load_address>
         <run_address>0x0</run_address>
         <size>0x4f</size>
         <input_file_ref idref="fl-12f"/>
      </object_component>
      <object_component id="oc-14">
         <name>.debug_line</name>
         <load_address>0x4f</load_address>
         <run_address>0x4f</run_address>
         <size>0x4d</size>
         <input_file_ref idref="fl-130"/>
      </object_component>
      <object_component id="oc-18">
         <name>.debug_line</name>
         <load_address>0x9c</load_address>
         <run_address>0x9c</run_address>
         <size>0x4c</size>
         <input_file_ref idref="fl-132"/>
      </object_component>
      <object_component id="oc-1c">
         <name>.debug_line</name>
         <load_address>0xe8</load_address>
         <run_address>0xe8</run_address>
         <size>0x4c</size>
         <input_file_ref idref="fl-131"/>
      </object_component>
      <object_component id="oc-21">
         <name>.debug_line</name>
         <load_address>0x134</load_address>
         <run_address>0x134</run_address>
         <size>0x87</size>
         <input_file_ref idref="fl-138"/>
      </object_component>
      <object_component id="oc-25">
         <name>.debug_line</name>
         <load_address>0x1bb</load_address>
         <run_address>0x1bb</run_address>
         <size>0x42</size>
         <input_file_ref idref="fl-137"/>
      </object_component>
      <object_component id="oc-29">
         <name>.debug_line</name>
         <load_address>0x1fd</load_address>
         <run_address>0x1fd</run_address>
         <size>0x71</size>
         <input_file_ref idref="fl-133"/>
      </object_component>
      <object_component id="oc-30">
         <name>.debug_line</name>
         <load_address>0x26e</load_address>
         <run_address>0x26e</run_address>
         <size>0x88</size>
         <input_file_ref idref="fl-134"/>
      </object_component>
      <object_component id="oc-35">
         <name>.debug_line</name>
         <load_address>0x2f6</load_address>
         <run_address>0x2f6</run_address>
         <size>0x3a</size>
         <input_file_ref idref="fl-130"/>
      </object_component>
      <object_component id="oc-3b">
         <name>.debug_line</name>
         <load_address>0x330</load_address>
         <run_address>0x330</run_address>
         <size>0x34</size>
         <input_file_ref idref="fl-132"/>
      </object_component>
      <object_component id="oc-40">
         <name>.debug_line</name>
         <load_address>0x364</load_address>
         <run_address>0x364</run_address>
         <size>0x58</size>
         <input_file_ref idref="fl-131"/>
      </object_component>
      <object_component id="oc-46">
         <name>.debug_line</name>
         <load_address>0x3bc</load_address>
         <run_address>0x3bc</run_address>
         <size>0x39</size>
         <input_file_ref idref="fl-131"/>
      </object_component>
      <object_component id="oc-4b">
         <name>.debug_line</name>
         <load_address>0x3f5</load_address>
         <run_address>0x3f5</run_address>
         <size>0x43</size>
         <input_file_ref idref="fl-139"/>
      </object_component>
      <object_component id="oc-50">
         <name>.debug_line</name>
         <load_address>0x438</load_address>
         <run_address>0x438</run_address>
         <size>0x12e</size>
         <input_file_ref idref="fl-2"/>
      </object_component>
      <object_component id="oc-56">
         <name>.debug_line</name>
         <load_address>0x566</load_address>
         <run_address>0x566</run_address>
         <size>0x20</size>
         <input_file_ref idref="fl-137"/>
      </object_component>
      <object_component id="oc-60">
         <name>.debug_line</name>
         <load_address>0x586</load_address>
         <run_address>0x586</run_address>
         <size>0x20</size>
         <input_file_ref idref="fl-130"/>
      </object_component>
      <object_component id="oc-64">
         <name>.debug_line</name>
         <load_address>0x5a6</load_address>
         <run_address>0x5a6</run_address>
         <size>0x33</size>
         <input_file_ref idref="fl-135"/>
      </object_component>
      <object_component id="oc-67">
         <name>.debug_line</name>
         <load_address>0x5d9</load_address>
         <run_address>0x5d9</run_address>
         <size>0x20</size>
         <input_file_ref idref="fl-135"/>
      </object_component>
      <object_component id="oc-6d">
         <name>.debug_line</name>
         <load_address>0x5f9</load_address>
         <run_address>0x5f9</run_address>
         <size>0x44</size>
         <input_file_ref idref="fl-130"/>
      </object_component>
      <object_component id="oc-73">
         <name>.debug_line</name>
         <load_address>0x63d</load_address>
         <run_address>0x63d</run_address>
         <size>0x44</size>
         <input_file_ref idref="fl-131"/>
      </object_component>
      <object_component id="oc-7a">
         <name>.debug_line</name>
         <load_address>0x681</load_address>
         <run_address>0x681</run_address>
         <size>0x20</size>
         <input_file_ref idref="fl-131"/>
      </object_component>
      <object_component id="oc-7e">
         <name>.debug_line</name>
         <load_address>0x6a1</load_address>
         <run_address>0x6a1</run_address>
         <size>0x20</size>
         <input_file_ref idref="fl-131"/>
      </object_component>
      <object_component id="oc-86">
         <name>.debug_line</name>
         <load_address>0x6c1</load_address>
         <run_address>0x6c1</run_address>
         <size>0x20</size>
         <input_file_ref idref="fl-2"/>
      </object_component>
      <object_component id="oc-8c">
         <name>.debug_line</name>
         <load_address>0x6e1</load_address>
         <run_address>0x6e1</run_address>
         <size>0x60</size>
         <input_file_ref idref="fl-136"/>
      </object_component>
      <object_component id="oc-8f">
         <name>.debug_line</name>
         <load_address>0x741</load_address>
         <run_address>0x741</run_address>
         <size>0x2b</size>
         <input_file_ref idref="fl-136"/>
      </object_component>
      <object_component id="oc-92">
         <name>.debug_line</name>
         <load_address>0x76c</load_address>
         <run_address>0x76c</run_address>
         <size>0x2a</size>
         <input_file_ref idref="fl-133"/>
      </object_component>
      <object_component id="oc-95">
         <name>.debug_line</name>
         <load_address>0x796</load_address>
         <run_address>0x796</run_address>
         <size>0x20</size>
         <input_file_ref idref="fl-130"/>
      </object_component>
      <object_component id="oc-97">
         <name>.debug_line</name>
         <load_address>0x7b6</load_address>
         <run_address>0x7b6</run_address>
         <size>0x20</size>
         <input_file_ref idref="fl-132"/>
      </object_component>
      <object_component id="oc-99">
         <name>.debug_line</name>
         <load_address>0x7d6</load_address>
         <run_address>0x7d6</run_address>
         <size>0x51</size>
         <input_file_ref idref="fl-139"/>
      </object_component>
      <object_component id="oc-9c">
         <name>.debug_line</name>
         <load_address>0x827</load_address>
         <run_address>0x827</run_address>
         <size>0x45</size>
         <input_file_ref idref="fl-139"/>
      </object_component>
      <object_component id="oc-a0">
         <name>.debug_line</name>
         <load_address>0x86c</load_address>
         <run_address>0x86c</run_address>
         <size>0x2d</size>
         <input_file_ref idref="fl-2"/>
      </object_component>
      <object_component id="oc-a2">
         <name>.debug_line</name>
         <load_address>0x899</load_address>
         <run_address>0x899</run_address>
         <size>0x20</size>
         <input_file_ref idref="fl-2"/>
      </object_component>
      <object_component id="oc-a5">
         <name>.debug_line</name>
         <load_address>0x8b9</load_address>
         <run_address>0x8b9</run_address>
         <size>0x20</size>
         <input_file_ref idref="fl-136"/>
      </object_component>
      <object_component id="oc-a7">
         <name>.debug_line</name>
         <load_address>0x8d9</load_address>
         <run_address>0x8d9</run_address>
         <size>0x43</size>
         <input_file_ref idref="fl-133"/>
      </object_component>
      <object_component id="oc-11">
         <name>.debug_aranges</name>
         <load_address>0x0</load_address>
         <run_address>0x0</run_address>
         <size>0x20</size>
         <input_file_ref idref="fl-12f"/>
      </object_component>
      <object_component id="oc-15">
         <name>.debug_aranges</name>
         <load_address>0x20</load_address>
         <run_address>0x20</run_address>
         <size>0x20</size>
         <input_file_ref idref="fl-130"/>
      </object_component>
      <object_component id="oc-19">
         <name>.debug_aranges</name>
         <load_address>0x40</load_address>
         <run_address>0x40</run_address>
         <size>0x20</size>
         <input_file_ref idref="fl-132"/>
      </object_component>
      <object_component id="oc-1d">
         <name>.debug_aranges</name>
         <load_address>0x60</load_address>
         <run_address>0x60</run_address>
         <size>0x20</size>
         <input_file_ref idref="fl-131"/>
      </object_component>
      <object_component id="oc-22">
         <name>.debug_aranges</name>
         <load_address>0x80</load_address>
         <run_address>0x80</run_address>
         <size>0x28</size>
         <input_file_ref idref="fl-138"/>
      </object_component>
      <object_component id="oc-26">
         <name>.debug_aranges</name>
         <load_address>0xa8</load_address>
         <run_address>0xa8</run_address>
         <size>0x20</size>
         <input_file_ref idref="fl-137"/>
      </object_component>
      <object_component id="oc-2a">
         <name>.debug_aranges</name>
         <load_address>0xc8</load_address>
         <run_address>0xc8</run_address>
         <size>0x30</size>
         <input_file_ref idref="fl-133"/>
      </object_component>
      <object_component id="oc-31">
         <name>.debug_aranges</name>
         <load_address>0xf8</load_address>
         <run_address>0xf8</run_address>
         <size>0x20</size>
         <input_file_ref idref="fl-134"/>
      </object_component>
      <object_component id="oc-41">
         <name>.debug_aranges</name>
         <load_address>0x118</load_address>
         <run_address>0x118</run_address>
         <size>0x20</size>
         <input_file_ref idref="fl-131"/>
      </object_component>
      <object_component id="oc-4c">
         <name>.debug_aranges</name>
         <load_address>0x138</load_address>
         <run_address>0x138</run_address>
         <size>0x20</size>
         <input_file_ref idref="fl-139"/>
      </object_component>
      <object_component id="oc-52">
         <name>.debug_aranges</name>
         <load_address>0x158</load_address>
         <run_address>0x158</run_address>
         <size>0x58</size>
         <input_file_ref idref="fl-2"/>
      </object_component>
      <object_component id="oc-8d">
         <name>.debug_aranges</name>
         <load_address>0x1b0</load_address>
         <run_address>0x1b0</run_address>
         <size>0x30</size>
         <input_file_ref idref="fl-136"/>
      </object_component>
      <object_component id="oc-2d">
         <name>.debug_abbrev</name>
         <load_address>0x0</load_address>
         <run_address>0x0</run_address>
         <size>0x40</size>
         <input_file_ref idref="fl-12f"/>
      </object_component>
      <object_component id="oc-32">
         <name>.debug_abbrev</name>
         <load_address>0x40</load_address>
         <run_address>0x40</run_address>
         <size>0x6b</size>
         <input_file_ref idref="fl-130"/>
      </object_component>
      <object_component id="oc-34">
         <name>.debug_abbrev</name>
         <load_address>0xab</load_address>
         <run_address>0xab</run_address>
         <size>0x24</size>
         <input_file_ref idref="fl-130"/>
      </object_component>
      <object_component id="oc-38">
         <name>.debug_abbrev</name>
         <load_address>0xcf</load_address>
         <run_address>0xcf</run_address>
         <size>0x85</size>
         <input_file_ref idref="fl-132"/>
      </object_component>
      <object_component id="oc-3a">
         <name>.debug_abbrev</name>
         <load_address>0x154</load_address>
         <run_address>0x154</run_address>
         <size>0x24</size>
         <input_file_ref idref="fl-132"/>
      </object_component>
      <object_component id="oc-42">
         <name>.debug_abbrev</name>
         <load_address>0x178</load_address>
         <run_address>0x178</run_address>
         <size>0x6b</size>
         <input_file_ref idref="fl-131"/>
      </object_component>
      <object_component id="oc-45">
         <name>.debug_abbrev</name>
         <load_address>0x1e3</load_address>
         <run_address>0x1e3</run_address>
         <size>0x24</size>
         <input_file_ref idref="fl-131"/>
      </object_component>
      <object_component id="oc-4d">
         <name>.debug_abbrev</name>
         <load_address>0x207</load_address>
         <run_address>0x207</run_address>
         <size>0x86</size>
         <input_file_ref idref="fl-138"/>
      </object_component>
      <object_component id="oc-53">
         <name>.debug_abbrev</name>
         <load_address>0x28d</load_address>
         <run_address>0x28d</run_address>
         <size>0x5f</size>
         <input_file_ref idref="fl-137"/>
      </object_component>
      <object_component id="oc-55">
         <name>.debug_abbrev</name>
         <load_address>0x2ec</load_address>
         <run_address>0x2ec</run_address>
         <size>0x23</size>
         <input_file_ref idref="fl-137"/>
      </object_component>
      <object_component id="oc-5d">
         <name>.debug_abbrev</name>
         <load_address>0x30f</load_address>
         <run_address>0x30f</run_address>
         <size>0xd5</size>
         <input_file_ref idref="fl-133"/>
      </object_component>
      <object_component id="oc-5f">
         <name>.debug_abbrev</name>
         <load_address>0x3e4</load_address>
         <run_address>0x3e4</run_address>
         <size>0x23</size>
         <input_file_ref idref="fl-130"/>
      </object_component>
      <object_component id="oc-63">
         <name>.debug_abbrev</name>
         <load_address>0x407</load_address>
         <run_address>0x407</run_address>
         <size>0x27</size>
         <input_file_ref idref="fl-135"/>
      </object_component>
      <object_component id="oc-66">
         <name>.debug_abbrev</name>
         <load_address>0x42e</load_address>
         <run_address>0x42e</run_address>
         <size>0x1a</size>
         <input_file_ref idref="fl-135"/>
      </object_component>
      <object_component id="oc-6a">
         <name>.debug_abbrev</name>
         <load_address>0x448</load_address>
         <run_address>0x448</run_address>
         <size>0x40</size>
         <input_file_ref idref="fl-134"/>
      </object_component>
      <object_component id="oc-6c">
         <name>.debug_abbrev</name>
         <load_address>0x488</load_address>
         <run_address>0x488</run_address>
         <size>0x24</size>
         <input_file_ref idref="fl-130"/>
      </object_component>
      <object_component id="oc-72">
         <name>.debug_abbrev</name>
         <load_address>0x4ac</load_address>
         <run_address>0x4ac</run_address>
         <size>0x24</size>
         <input_file_ref idref="fl-131"/>
      </object_component>
      <object_component id="oc-77">
         <name>.debug_abbrev</name>
         <load_address>0x4d0</load_address>
         <run_address>0x4d0</run_address>
         <size>0x83</size>
         <input_file_ref idref="fl-131"/>
      </object_component>
      <object_component id="oc-79">
         <name>.debug_abbrev</name>
         <load_address>0x553</load_address>
         <run_address>0x553</run_address>
         <size>0x1c</size>
         <input_file_ref idref="fl-131"/>
      </object_component>
      <object_component id="oc-7d">
         <name>.debug_abbrev</name>
         <load_address>0x56f</load_address>
         <run_address>0x56f</run_address>
         <size>0x2c</size>
         <input_file_ref idref="fl-131"/>
      </object_component>
      <object_component id="oc-7f">
         <name>.debug_abbrev</name>
         <load_address>0x59b</load_address>
         <run_address>0x59b</run_address>
         <size>0xa2</size>
         <input_file_ref idref="fl-139"/>
      </object_component>
      <object_component id="oc-83">
         <name>.debug_abbrev</name>
         <load_address>0x63d</load_address>
         <run_address>0x63d</run_address>
         <size>0xd3</size>
         <input_file_ref idref="fl-2"/>
      </object_component>
      <object_component id="oc-85">
         <name>.debug_abbrev</name>
         <load_address>0x710</load_address>
         <run_address>0x710</run_address>
         <size>0x1c</size>
         <input_file_ref idref="fl-2"/>
      </object_component>
      <object_component id="oc-8e">
         <name>.debug_abbrev</name>
         <load_address>0x72c</load_address>
         <run_address>0x72c</run_address>
         <size>0x29</size>
         <input_file_ref idref="fl-136"/>
      </object_component>
      <object_component id="oc-91">
         <name>.debug_abbrev</name>
         <load_address>0x755</load_address>
         <run_address>0x755</run_address>
         <size>0x29</size>
         <input_file_ref idref="fl-133"/>
      </object_component>
      <object_component id="oc-94">
         <name>.debug_abbrev</name>
         <load_address>0x77e</load_address>
         <run_address>0x77e</run_address>
         <size>0x4c</size>
         <input_file_ref idref="fl-130"/>
      </object_component>
      <object_component id="oc-96">
         <name>.debug_abbrev</name>
         <load_address>0x7ca</load_address>
         <run_address>0x7ca</run_address>
         <size>0x2c</size>
         <input_file_ref idref="fl-132"/>
      </object_component>
      <object_component id="oc-98">
         <name>.debug_abbrev</name>
         <load_address>0x7f6</load_address>
         <run_address>0x7f6</run_address>
         <size>0x85</size>
         <input_file_ref idref="fl-139"/>
      </object_component>
      <object_component id="oc-9b">
         <name>.debug_abbrev</name>
         <load_address>0x87b</load_address>
         <run_address>0x87b</run_address>
         <size>0x4b</size>
         <input_file_ref idref="fl-139"/>
      </object_component>
      <object_component id="oc-9f">
         <name>.debug_abbrev</name>
         <load_address>0x8c6</load_address>
         <run_address>0x8c6</run_address>
         <size>0x29</size>
         <input_file_ref idref="fl-2"/>
      </object_component>
      <object_component id="oc-a1">
         <name>.debug_abbrev</name>
         <load_address>0x8ef</load_address>
         <run_address>0x8ef</run_address>
         <size>0x23</size>
         <input_file_ref idref="fl-2"/>
      </object_component>
      <object_component id="oc-a3">
         <name>.debug_abbrev</name>
         <load_address>0x912</load_address>
         <run_address>0x912</run_address>
         <size>0x66</size>
         <input_file_ref idref="fl-136"/>
      </object_component>
      <object_component id="oc-a4">
         <name>.debug_abbrev</name>
         <load_address>0x978</load_address>
         <run_address>0x978</run_address>
         <size>0x3e</size>
         <input_file_ref idref="fl-136"/>
      </object_component>
      <object_component id="oc-a6">
         <name>.debug_abbrev</name>
         <load_address>0x9b6</load_address>
         <run_address>0x9b6</run_address>
         <size>0x64</size>
         <input_file_ref idref="fl-133"/>
      </object_component>
      <object_component id="oc-c8">
         <name>.debug_abbrev</name>
         <load_address>0xa1a</load_address>
         <run_address>0xa1a</run_address>
         <size>0xf</size>
      </object_component>
      <object_component id="oc-36">
         <name>.debug_str</name>
         <load_address>0x0</load_address>
         <run_address>0x0</run_address>
         <size>0xb3</size>
         <input_file_ref idref="fl-130"/>
      </object_component>
      <object_component id="oc-3c">
         <name>.debug_str</name>
         <load_address>0xb3</load_address>
         <run_address>0xb3</run_address>
         <size>0xad</size>
         <input_file_ref idref="fl-132"/>
      </object_component>
      <object_component id="oc-47">
         <name>.debug_str</name>
         <load_address>0x160</load_address>
         <run_address>0x160</run_address>
         <size>0xa7</size>
         <input_file_ref idref="fl-131"/>
      </object_component>
      <object_component id="oc-57">
         <name>.debug_str</name>
         <load_address>0x207</load_address>
         <run_address>0x207</run_address>
         <size>0x10f</size>
         <input_file_ref idref="fl-137"/>
      </object_component>
      <object_component id="oc-61">
         <name>.debug_str</name>
         <load_address>0x316</load_address>
         <run_address>0x316</run_address>
         <size>0x10f</size>
         <input_file_ref idref="fl-130"/>
      </object_component>
      <object_component id="oc-68">
         <name>.debug_str</name>
         <load_address>0x425</load_address>
         <run_address>0x425</run_address>
         <size>0x10a</size>
         <input_file_ref idref="fl-135"/>
      </object_component>
      <object_component id="oc-6e">
         <name>.debug_str</name>
         <load_address>0x52f</load_address>
         <run_address>0x52f</run_address>
         <size>0xae</size>
         <input_file_ref idref="fl-130"/>
      </object_component>
      <object_component id="oc-74">
         <name>.debug_str</name>
         <load_address>0x5dd</load_address>
         <run_address>0x5dd</run_address>
         <size>0x9c</size>
         <input_file_ref idref="fl-131"/>
      </object_component>
      <object_component id="oc-7b">
         <name>.debug_str</name>
         <load_address>0x679</load_address>
         <run_address>0x679</run_address>
         <size>0x10a</size>
         <input_file_ref idref="fl-131"/>
      </object_component>
      <object_component id="oc-87">
         <name>.debug_str</name>
         <load_address>0x783</load_address>
         <run_address>0x783</run_address>
         <size>0x125</size>
         <input_file_ref idref="fl-2"/>
      </object_component>
      <object_component id="oc-9d">
         <name>.debug_str</name>
         <load_address>0x8a8</load_address>
         <run_address>0x8a8</run_address>
         <size>0xf3</size>
         <input_file_ref idref="fl-139"/>
      </object_component>
      <object_component id="oc-37">
         <name>.debug_pubtypes</name>
         <load_address>0x0</load_address>
         <run_address>0x0</run_address>
         <size>0x46</size>
         <input_file_ref idref="fl-130"/>
      </object_component>
      <object_component id="oc-3d">
         <name>.debug_pubtypes</name>
         <load_address>0x46</load_address>
         <run_address>0x46</run_address>
         <size>0x46</size>
         <input_file_ref idref="fl-132"/>
      </object_component>
      <object_component id="oc-48">
         <name>.debug_pubtypes</name>
         <load_address>0x8c</load_address>
         <run_address>0x8c</run_address>
         <size>0x37</size>
         <input_file_ref idref="fl-131"/>
      </object_component>
      <object_component id="oc-58">
         <name>.debug_pubtypes</name>
         <load_address>0xc3</load_address>
         <run_address>0xc3</run_address>
         <size>0xff</size>
         <input_file_ref idref="fl-137"/>
      </object_component>
      <object_component id="oc-62">
         <name>.debug_pubtypes</name>
         <load_address>0x1c2</load_address>
         <run_address>0x1c2</run_address>
         <size>0xed</size>
         <input_file_ref idref="fl-130"/>
      </object_component>
      <object_component id="oc-69">
         <name>.debug_pubtypes</name>
         <load_address>0x2af</load_address>
         <run_address>0x2af</run_address>
         <size>0xe4</size>
         <input_file_ref idref="fl-135"/>
      </object_component>
      <object_component id="oc-6f">
         <name>.debug_pubtypes</name>
         <load_address>0x393</load_address>
         <run_address>0x393</run_address>
         <size>0x37</size>
         <input_file_ref idref="fl-130"/>
      </object_component>
      <object_component id="oc-75">
         <name>.debug_pubtypes</name>
         <load_address>0x3ca</load_address>
         <run_address>0x3ca</run_address>
         <size>0x1d</size>
         <input_file_ref idref="fl-131"/>
      </object_component>
      <object_component id="oc-7c">
         <name>.debug_pubtypes</name>
         <load_address>0x3e7</load_address>
         <run_address>0x3e7</run_address>
         <size>0xe4</size>
         <input_file_ref idref="fl-131"/>
      </object_component>
      <object_component id="oc-88">
         <name>.debug_pubtypes</name>
         <load_address>0x4cb</load_address>
         <run_address>0x4cb</run_address>
         <size>0xf6</size>
         <input_file_ref idref="fl-2"/>
      </object_component>
      <object_component id="oc-9e">
         <name>.debug_pubtypes</name>
         <load_address>0x5c1</load_address>
         <run_address>0x5c1</run_address>
         <size>0x50</size>
         <input_file_ref idref="fl-139"/>
      </object_component>
      <object_component id="oc-51">
         <name>.debug_frame</name>
         <load_address>0x0</load_address>
         <run_address>0x0</run_address>
         <size>0x111</size>
         <input_file_ref idref="fl-2"/>
      </object_component>
   </object_component_list>
   <logical_group_list>
      <logical_group id="lg-3">
         <name>.intvecs</name>
         <run_address>0x0</run_address>
         <size>0x0</size>
         <contents>
         </contents>
      </logical_group>
      <logical_group id="lg-4">
         <name>.text</name>
         <load_address>0x0</load_address>
         <run_address>0x0</run_address>
         <size>0x4ae</size>
         <contents>
            <object_component_ref idref="oc-4e"/>
            <object_component_ref idref="oc-2e"/>
            <object_component_ref idref="oc-1f"/>
            <object_component_ref idref="oc-3e"/>
            <object_component_ref idref="oc-e"/>
            <object_component_ref idref="oc-49"/>
            <object_component_ref idref="oc-27"/>
            <object_component_ref idref="oc-23"/>
            <object_component_ref idref="oc-8a"/>
            <object_component_ref idref="oc-16"/>
            <object_component_ref idref="oc-12"/>
            <object_component_ref idref="oc-1a"/>
         </contents>
      </logical_group>
      <logical_group id="lg-5">
         <name>.const</name>
         <run_address>0x0</run_address>
         <size>0x0</size>
         <contents>
         </contents>
      </logical_group>
      <logical_group id="lg-6">
         <name>.cinit</name>
         <load_address>0x4b0</load_address>
         <run_address>0x4b0</run_address>
         <size>0x38</size>
         <contents>
            <object_component_ref idref="oc-c4"/>
            <object_component_ref idref="oc-c2"/>
            <object_component_ref idref="oc-c5"/>
            <object_component_ref idref="oc-c3"/>
         </contents>
      </logical_group>
      <logical_group id="lg-7">
         <name>.pinit</name>
         <run_address>0x0</run_address>
         <size>0x0</size>
         <contents>
         </contents>
      </logical_group>
      <logical_group id="lg-8">
         <name>.init_array</name>
         <run_address>0x0</run_address>
         <size>0x0</size>
         <contents>
         </contents>
      </logical_group>
      <logical_group id="lg-9">
         <name>.vtable</name>
         <run_address>0x0</run_address>
         <size>0x0</size>
         <contents>
         </contents>
      </logical_group>
      <logical_group id="lg-a">
         <name>.data</name>
         <load_address>0x20000200</load_address>
         <run_address>0x20000200</run_address>
         <size>0x14</size>
         <contents>
            <object_component_ref idref="oc-2b"/>
            <object_component_ref idref="oc-59"/>
            <object_component_ref idref="oc-5b"/>
         </contents>
      </logical_group>
      <logical_group id="lg-b">
         <name>.bss</name>
         <run_address>0x20000214</run_address>
         <size>0x4</size>
         <contents>
            <object_component_ref idref="oc-81"/>
         </contents>
      </logical_group>
      <logical_group id="lg-c">
         <name>.sysmem</name>
         <run_address>0x0</run_address>
         <size>0x0</size>
         <contents>
         </contents>
      </logical_group>
      <logical_group id="lg-d">
         <name>.stack</name>
         <run_address>0x20000000</run_address>
         <size>0x200</size>
         <contents>
            <object_component_ref idref="oc-1e"/>
            <object_component_ref idref="oc-c6"/>
         </contents>
      </logical_group>
      <logical_group id="lg-b4">
         <name>.debug_info</name>
         <load_address>0x0</load_address>
         <run_address>0x0</run_address>
         <size>0x2520</size>
         <contents>
            <object_component_ref idref="oc-f"/>
            <object_component_ref idref="oc-13"/>
            <object_component_ref idref="oc-17"/>
            <object_component_ref idref="oc-1b"/>
            <object_component_ref idref="oc-20"/>
            <object_component_ref idref="oc-24"/>
            <object_component_ref idref="oc-28"/>
            <object_component_ref idref="oc-2c"/>
            <object_component_ref idref="oc-2f"/>
            <object_component_ref idref="oc-33"/>
            <object_component_ref idref="oc-39"/>
            <object_component_ref idref="oc-3f"/>
            <object_component_ref idref="oc-43"/>
            <object_component_ref idref="oc-44"/>
            <object_component_ref idref="oc-4a"/>
            <object_component_ref idref="oc-4f"/>
            <object_component_ref idref="oc-54"/>
            <object_component_ref idref="oc-5a"/>
            <object_component_ref idref="oc-5c"/>
            <object_component_ref idref="oc-5e"/>
            <object_component_ref idref="oc-65"/>
            <object_component_ref idref="oc-6b"/>
            <object_component_ref idref="oc-70"/>
            <object_component_ref idref="oc-71"/>
            <object_component_ref idref="oc-76"/>
            <object_component_ref idref="oc-78"/>
            <object_component_ref idref="oc-80"/>
            <object_component_ref idref="oc-82"/>
            <object_component_ref idref="oc-84"/>
            <object_component_ref idref="oc-89"/>
            <object_component_ref idref="oc-8b"/>
            <object_component_ref idref="oc-90"/>
            <object_component_ref idref="oc-93"/>
            <object_component_ref idref="oc-9a"/>
            <object_component_ref idref="oc-c7"/>
         </contents>
      </logical_group>
      <logical_group id="lg-b6">
         <name>.debug_line</name>
         <load_address>0x0</load_address>
         <run_address>0x0</run_address>
         <size>0x91c</size>
         <contents>
            <object_component_ref idref="oc-10"/>
            <object_component_ref idref="oc-14"/>
            <object_component_ref idref="oc-18"/>
            <object_component_ref idref="oc-1c"/>
            <object_component_ref idref="oc-21"/>
            <object_component_ref idref="oc-25"/>
            <object_component_ref idref="oc-29"/>
            <object_component_ref idref="oc-30"/>
            <object_component_ref idref="oc-35"/>
            <object_component_ref idref="oc-3b"/>
            <object_component_ref idref="oc-40"/>
            <object_component_ref idref="oc-46"/>
            <object_component_ref idref="oc-4b"/>
            <object_component_ref idref="oc-50"/>
            <object_component_ref idref="oc-56"/>
            <object_component_ref idref="oc-60"/>
            <object_component_ref idref="oc-64"/>
            <object_component_ref idref="oc-67"/>
            <object_component_ref idref="oc-6d"/>
            <object_component_ref idref="oc-73"/>
            <object_component_ref idref="oc-7a"/>
            <object_component_ref idref="oc-7e"/>
            <object_component_ref idref="oc-86"/>
            <object_component_ref idref="oc-8c"/>
            <object_component_ref idref="oc-8f"/>
            <object_component_ref idref="oc-92"/>
            <object_component_ref idref="oc-95"/>
            <object_component_ref idref="oc-97"/>
            <object_component_ref idref="oc-99"/>
            <object_component_ref idref="oc-9c"/>
            <object_component_ref idref="oc-a0"/>
            <object_component_ref idref="oc-a2"/>
            <object_component_ref idref="oc-a5"/>
            <object_component_ref idref="oc-a7"/>
         </contents>
      </logical_group>
      <logical_group id="lg-b8">
         <name>.debug_aranges</name>
         <load_address>0x0</load_address>
         <run_address>0x0</run_address>
         <size>0x1e0</size>
         <contents>
            <object_component_ref idref="oc-11"/>
            <object_component_ref idref="oc-15"/>
            <object_component_ref idref="oc-19"/>
            <object_component_ref idref="oc-1d"/>
            <object_component_ref idref="oc-22"/>
            <object_component_ref idref="oc-26"/>
            <object_component_ref idref="oc-2a"/>
            <object_component_ref idref="oc-31"/>
            <object_component_ref idref="oc-41"/>
            <object_component_ref idref="oc-4c"/>
            <object_component_ref idref="oc-52"/>
            <object_component_ref idref="oc-8d"/>
         </contents>
      </logical_group>
      <logical_group id="lg-ba">
         <name>.debug_abbrev</name>
         <load_address>0x0</load_address>
         <run_address>0x0</run_address>
         <size>0xa29</size>
         <contents>
            <object_component_ref idref="oc-2d"/>
            <object_component_ref idref="oc-32"/>
            <object_component_ref idref="oc-34"/>
            <object_component_ref idref="oc-38"/>
            <object_component_ref idref="oc-3a"/>
            <object_component_ref idref="oc-42"/>
            <object_component_ref idref="oc-45"/>
            <object_component_ref idref="oc-4d"/>
            <object_component_ref idref="oc-53"/>
            <object_component_ref idref="oc-55"/>
            <object_component_ref idref="oc-5d"/>
            <object_component_ref idref="oc-5f"/>
            <object_component_ref idref="oc-63"/>
            <object_component_ref idref="oc-66"/>
            <object_component_ref idref="oc-6a"/>
            <object_component_ref idref="oc-6c"/>
            <object_component_ref idref="oc-72"/>
            <object_component_ref idref="oc-77"/>
            <object_component_ref idref="oc-79"/>
            <object_component_ref idref="oc-7d"/>
            <object_component_ref idref="oc-7f"/>
            <object_component_ref idref="oc-83"/>
            <object_component_ref idref="oc-85"/>
            <object_component_ref idref="oc-8e"/>
            <object_component_ref idref="oc-91"/>
            <object_component_ref idref="oc-94"/>
            <object_component_ref idref="oc-96"/>
            <object_component_ref idref="oc-98"/>
            <object_component_ref idref="oc-9b"/>
            <object_component_ref idref="oc-9f"/>
            <object_component_ref idref="oc-a1"/>
            <object_component_ref idref="oc-a3"/>
            <object_component_ref idref="oc-a4"/>
            <object_component_ref idref="oc-a6"/>
            <object_component_ref idref="oc-c8"/>
         </contents>
      </logical_group>
      <logical_group id="lg-bc">
         <name>.debug_str</name>
         <load_address>0x0</load_address>
         <run_address>0x0</run_address>
         <size>0x99b</size>
         <contents>
            <object_component_ref idref="oc-36"/>
            <object_component_ref idref="oc-3c"/>
            <object_component_ref idref="oc-47"/>
            <object_component_ref idref="oc-57"/>
            <object_component_ref idref="oc-61"/>
            <object_component_ref idref="oc-68"/>
            <object_component_ref idref="oc-6e"/>
            <object_component_ref idref="oc-74"/>
            <object_component_ref idref="oc-7b"/>
            <object_component_ref idref="oc-87"/>
            <object_component_ref idref="oc-9d"/>
         </contents>
      </logical_group>
      <logical_group id="lg-be">
         <name>.debug_pubtypes</name>
         <load_address>0x0</load_address>
         <run_address>0x0</run_address>
         <size>0x611</size>
         <contents>
            <object_component_ref idref="oc-37"/>
            <object_component_ref idref="oc-3d"/>
            <object_component_ref idref="oc-48"/>
            <object_component_ref idref="oc-58"/>
            <object_component_ref idref="oc-62"/>
            <object_component_ref idref="oc-69"/>
            <object_component_ref idref="oc-6f"/>
            <object_component_ref idref="oc-75"/>
            <object_component_ref idref="oc-7c"/>
            <object_component_ref idref="oc-88"/>
            <object_component_ref idref="oc-9e"/>
         </contents>
      </logical_group>
      <logical_group id="lg-c0">
         <name>.debug_frame</name>
         <load_address>0x0</load_address>
         <run_address>0x0</run_address>
         <size>0x111</size>
         <contents>
            <object_component_ref idref="oc-51"/>
         </contents>
      </logical_group>
      <load_segment id="lg-cc">
         <name>SEGMENT_0</name>
         <load_address>0x0</load_address>
         <run_address>0x0</run_address>
         <size>0x4e8</size>
         <flags>0x5</flags>
         <contents>
            <logical_group_ref idref="lg-4"/>
            <logical_group_ref idref="lg-6"/>
         </contents>
      </load_segment>
      <load_segment id="lg-cd">
         <name>SEGMENT_1</name>
         <run_address>0x20000000</run_address>
         <size>0x200</size>
         <flags>0x6</flags>
         <contents>
            <logical_group_ref idref="lg-d"/>
         </contents>
      </load_segment>
      <load_segment id="lg-ce">
         <name>SEGMENT_2</name>
         <load_address>0x20000200</load_address>
         <run_address>0x20000200</run_address>
         <size>0x18</size>
         <flags>0x6</flags>
         <contents>
            <logical_group_ref idref="lg-a"/>
            <logical_group_ref idref="lg-b"/>
         </contents>
      </load_segment>
   </logical_group_list>
   <placement_map>
      <memory_area>
         <name>FLASH</name>
         <page_id>0x0</page_id>
         <origin>0x0</origin>
         <length>0x40000</length>
         <used_space>0x4e6</used_space>
         <unused_space>0x3fb1a</unused_space>
         <attributes>RX</attributes>
         <usage_details>
            <allocated_space>
               <start_address>0x0</start_address>
               <size>0x4ae</size>
               <logical_group_ref idref="lg-4"/>
            </allocated_space>
            <available_space>
               <start_address>0x4ae</start_address>
               <size>0x2</size>
            </available_space>
            <allocated_space>
               <start_address>0x4b0</start_address>
               <size>0x38</size>
               <logical_group_ref idref="lg-6"/>
            </allocated_space>
            <available_space>
               <start_address>0x4e8</start_address>
               <size>0x3fb18</size>
            </available_space>
         </usage_details>
      </memory_area>
      <memory_area>
         <name>SRAM</name>
         <page_id>0x0</page_id>
         <origin>0x20000000</origin>
         <length>0x8000</length>
         <used_space>0x218</used_space>
         <unused_space>0x7de8</unused_space>
         <attributes>RWX</attributes>
         <usage_details>
            <allocated_space>
               <start_address>0x20000000</start_address>
               <size>0x200</size>
               <logical_group_ref idref="lg-d"/>
            </allocated_space>
            <allocated_space>
               <start_address>0x20000200</start_address>
               <size>0x14</size>
               <logical_group_ref idref="lg-a"/>
            </allocated_space>
            <allocated_space>
               <start_address>0x20000214</start_address>
               <size>0x4</size>
               <logical_group_ref idref="lg-b"/>
            </allocated_space>
            <available_space>
               <start_address>0x20000218</start_address>
               <size>0x7de8</size>
            </available_space>
         </usage_details>
      </memory_area>
   </placement_map>
   <cptbl_list>
      <cptbl>
         <name>__TI_cinit_table</name>
         <cprec>
            <name>.data</name>
            <load_address>0x4b0</load_address>
            <load_size>0xf</load_size>
            <run_address>0x20000200</run_address>
            <run_size>0x14</run_size>
            <compression>rle</compression>
         </cprec>
         <cprec>
            <name>.bss</name>
            <load_address>0x4d0</load_address>
            <load_size>0x8</load_size>
            <run_address>0x20000214</run_address>
            <run_size>0x4</run_size>
            <compression>zero_init</compression>
         </cprec>
      </cptbl>
   </cptbl_list>
   <handler_table>
      <handler_table_name>__TI_handler_table</handler_table_name>
      <handler>
         <index>0x0</index>
         <name>__TI_decompress_rle24</name>
      </handler>
      <handler>
         <index>0x1</index>
         <name>__TI_decompress_none</name>
      </handler>
      <handler>
         <index>0x2</index>
         <name>__TI_zero_init</name>
      </handler>
   </handler_table>
   <symbol_table>
      <symbol id="sm-1">
         <name>__STACK_TOP</name>
         <value>0x20000200</value>
      </symbol>
      <symbol id="sm-2">
         <name>__TI_CINIT_Base</name>
         <value>0x4d8</value>
      </symbol>
      <symbol id="sm-3">
         <name>__TI_CINIT_Limit</name>
         <value>0x4e8</value>
      </symbol>
      <symbol id="sm-4">
         <name>__TI_Handler_Table_Base</name>
         <value>0x4c0</value>
      </symbol>
      <symbol id="sm-5">
         <name>__TI_Handler_Table_Limit</name>
         <value>0x4cc</value>
      </symbol>
      <symbol id="sm-6">
         <name>binit</name>
         <value>0xffffffff</value>
      </symbol>
      <symbol id="sm-7">
         <name>__binit__</name>
         <value>0xffffffff</value>
      </symbol>
      <symbol id="sm-8">
         <name>__STACK_SIZE</name>
         <value>0x200</value>
      </symbol>
      <symbol id="sm-9">
         <name>__STACK_END</name>
         <value>0x20000200</value>
      </symbol>
      <symbol id="sm-a">
         <name>__c_args__</name>
         <value>0xffffffff</value>
      </symbol>
      <symbol id="sm-74">
         <name>GPIO_PORTF_Init</name>
         <value>0x39</value>
         <object_component_ref idref="oc-4e"/>
      </symbol>
      <symbol id="sm-75">
         <name>GPIO_PORTA_Init</name>
         <value>0x3</value>
         <object_component_ref idref="oc-4e"/>
      </symbol>
      <symbol id="sm-76">
         <name>main</name>
         <value>0xb5</value>
         <object_component_ref idref="oc-4e"/>
      </symbol>
      <symbol id="sm-77">
         <name>delay</name>
         <value>0x20000214</value>
         <object_component_ref idref="oc-81"/>
      </symbol>
      <symbol id="sm-78">
         <name>printString</name>
         <value>0x141</value>
         <object_component_ref idref="oc-4e"/>
      </symbol>
      <symbol id="sm-79">
         <name>printChar</name>
         <value>0x125</value>
         <object_component_ref idref="oc-4e"/>
      </symbol>
      <symbol id="sm-7a">
         <name>read</name>
         <value>0x109</value>
         <object_component_ref idref="oc-4e"/>
      </symbol>
      <symbol id="sm-7b">
         <name>UART0_Init</name>
         <value>0x7b</value>
         <object_component_ref idref="oc-4e"/>
      </symbol>
      <symbol id="sm-7c">
         <name>ISRGPIOA</name>
         <value>0x1</value>
         <object_component_ref idref="oc-4e"/>
      </symbol>
      <symbol id="sm-8b">
         <name>_c_int00</name>
         <value>0x391</value>
         <object_component_ref idref="oc-e"/>
      </symbol>
      <symbol id="sm-8c">
         <name>__stack</name>
         <value>0x20000000</value>
         <object_component_ref idref="oc-1e"/>
      </symbol>
      <symbol id="sm-a6">
         <name>__TI_decompress_none</name>
         <value>0x49b</value>
         <object_component_ref idref="oc-12"/>
      </symbol>
      <symbol id="sm-d0">
         <name>__TI_decompress_rle24</name>
         <value>0x4a9</value>
         <object_component_ref idref="oc-1a"/>
      </symbol>
      <symbol id="sm-e2">
         <name>__TI_zero_init</name>
         <value>0x489</value>
         <object_component_ref idref="oc-16"/>
      </symbol>
      <symbol id="sm-fd">
         <name>C$$EXIT</name>
         <value>0x41d</value>
         <object_component_ref idref="oc-27"/>
      </symbol>
      <symbol id="sm-fe">
         <name>_dtors_ptr</name>
         <value>0x2000020c</value>
         <object_component_ref idref="oc-5b"/>
      </symbol>
      <symbol id="sm-ff">
         <name>abort</name>
         <value>0x421</value>
         <object_component_ref idref="oc-27"/>
      </symbol>
      <symbol id="sm-100">
         <name>_cleanup_ptr</name>
         <value>0x20000208</value>
         <object_component_ref idref="oc-5b"/>
      </symbol>
      <symbol id="sm-101">
         <name>exit</name>
         <value>0x429</value>
         <object_component_ref idref="oc-27"/>
      </symbol>
      <symbol id="sm-116">
         <name>memcpy</name>
         <value>0x201</value>
         <object_component_ref idref="oc-2e"/>
      </symbol>
      <symbol id="sm-117">
         <name>__aeabi_memcpy</name>
         <value>0x201</value>
         <object_component_ref idref="oc-2e"/>
      </symbol>
      <symbol id="sm-118">
         <name>__aeabi_memcpy8</name>
         <value>0x201</value>
         <object_component_ref idref="oc-2e"/>
      </symbol>
      <symbol id="sm-119">
         <name>__aeabi_memcpy4</name>
         <value>0x201</value>
         <object_component_ref idref="oc-2e"/>
      </symbol>
      <symbol id="sm-125">
         <name>main_func_sp</name>
         <value>0x20000210</value>
         <object_component_ref idref="oc-2b"/>
      </symbol>
      <symbol id="sm-13a">
         <name>_nop</name>
         <value>0x483</value>
         <object_component_ref idref="oc-8a"/>
      </symbol>
      <symbol id="sm-13b">
         <name>_lock</name>
         <value>0x20000200</value>
         <object_component_ref idref="oc-59"/>
      </symbol>
      <symbol id="sm-13c">
         <name>_unlock</name>
         <value>0x20000204</value>
         <object_component_ref idref="oc-59"/>
      </symbol>
      <symbol id="sm-13d">
         <name>_register_lock</name>
         <value>0x47b</value>
         <object_component_ref idref="oc-8a"/>
      </symbol>
      <symbol id="sm-13e">
         <name>_register_unlock</name>
         <value>0x475</value>
         <object_component_ref idref="oc-8a"/>
      </symbol>
      <symbol id="sm-14d">
         <name>_args_main</name>
         <value>0x45d</value>
         <object_component_ref idref="oc-23"/>
      </symbol>
      <symbol id="sm-167">
         <name>__TI_auto_init</name>
         <value>0x29d</value>
         <object_component_ref idref="oc-1f"/>
      </symbol>
      <symbol id="sm-17e">
         <name>copy_in</name>
         <value>0x3d9</value>
         <object_component_ref idref="oc-49"/>
      </symbol>
      <symbol id="sm-17f">
         <name>__TI_static_base__</name>
         <value>0x0</value>
      </symbol>
      <symbol id="sm-180">
         <name>__TI_args_main</name>
         <value>0x1</value>
      </symbol>
      <symbol id="sm-181">
         <name>SHT$$INIT_ARRAY$$Limit</name>
         <value>0x0</value>
      </symbol>
      <symbol id="sm-182">
         <name>SHT$$INIT_ARRAY$$Base</name>
         <value>0x0</value>
      </symbol>
   </symbol_table>
</link_info>
